{
    "loss": 28.30519676208496,
    "accuracy": 0.5686274766921997
}